{"scrollzone":{"x1":0,"y1":0,"x2":768,"y2":576},"interations":{},"backgroundname":"","foregroundname":"","sheetname":"4C.png","lvl":[{"src_x":0,"src_y":0,"dest_x":231.1214642262895,"dest_y":316.6651884700665,"width":64,"height":64,"hitoff_x":24.640625,"hitoff_y":5.140625,"hit_width":22.5,"hit_height":53,"sheet_name":"4C.png","tw":64,"play":"stop","frame_rate":{"name":"Frame Rate","value":"6","internal_name":"frame_rate","id":"frame_rate","name_style":"div","value_style":"number"},"tile_id":0,"t":0,"z":0,"data":{"zone":{"bd_ratio":1,"coords":[{"x":49.28125,"y":10.28125},{"x":49.28125,"y":116.28125},{"x":94.28125,"y":116.28125},{"x":94.28125,"y":10.28125}],"size":[null,null]}},"attributes":[]}],"sensors":[],"triangles":[[[1.158069883527454,296.3015521064301],[35.660565723793674,369.09977827050994],[35.660565723793674,521.7560975609756]],[[1.158069883527454,296.3015521064301],[35.660565723793674,521.7560975609756],[1.158069883527454,521.7560975609756]],[[35.660565723793674,369.09977827050994],[90.6089850249584,448.28381374722835],[90.6089850249584,521.7560975609756]],[[35.660565723793674,369.09977827050994],[90.6089850249584,521.7560975609756],[35.660565723793674,521.7560975609756]],[[90.6089850249584,448.28381374722835],[168.55906821963393,485.32150776053214],[168.55906821963393,521.7560975609756]],[[90.6089850249584,448.28381374722835],[168.55906821963393,521.7560975609756],[90.6089850249584,521.7560975609756]],[[168.55906821963393,485.32150776053214],[258.0099833610649,500.6474501108647],[258.0099833610649,521.7560975609756]],[[168.55906821963393,485.32150776053214],[258.0099833610649,521.7560975609756],[168.55906821963393,521.7560975609756]],[[258.0099833610649,500.6474501108647],[430.52246256239596,505.7560975609756],[430.52246256239596,521.7560975609756]],[[258.0099833610649,500.6474501108647],[430.52246256239596,521.7560975609756],[258.0099833610649,521.7560975609756]],[[430.52246256239596,505.7560975609756],[594.089850249584,481.49002217294895],[430.52246256239596,521.7560975609756]],[[594.089850249584,521.7560975609756],[594.089850249584,481.49002217294895],[430.52246256239596,521.7560975609756]],[[594.089850249584,481.49002217294895],[661.8169717138103,432.95787139689577],[594.089850249584,521.7560975609756]],[[661.8169717138103,521.7560975609756],[661.8169717138103,432.95787139689577],[594.089850249584,521.7560975609756]],[[661.8169717138103,432.95787139689577],[716.765391014975,353.77383592017736],[661.8169717138103,521.7560975609756]],[[716.765391014975,521.7560975609756],[716.765391014975,353.77383592017736],[661.8169717138103,521.7560975609756]],[[716.765391014975,353.77383592017736],[767.8801996672213,246.4922394678492],[716.765391014975,521.7560975609756]],[[767.8801996672213,521.7560975609756],[767.8801996672213,246.4922394678492],[716.765391014975,521.7560975609756]]],"view":{"x":0,"y":0,"width":768,"height":576}}